Workbook

Sheet ReportCard
C3: AGROJATRA SHISHU BIKASH SCHOOL
D4: (An Ideal School, Affiliated to NCTB,Dhaka)
E5: Dokkhin Kanial Khata ,Boiragi Para, Nilphamari Sadar, Nilphamari
D6: www.agrojatrashishubikashschool.com
C8: Affilation Number:7725 | M8: School Number:25
C10: ACADEMIC SESSION:2024-2025
C11: Report Card
C12: Student's Profile
C14: ROLL NO. | E14: 11 | K14: CLASS | M14: =VLOOKUP($E$14,DataBase!$A$2:$O$21,MATCH(ReportCard!K14,DataBase!$A$1:$O$1,0),0) -> 5
C15: STUDENT NAME | E15: =VLOOKUP($E$14,DataBase!$A$2:$O$21,MATCH(ReportCard!C15,DataBase!$A$1:$O$1,0),0) -> Md Fazle Rabbi | K15: CONTACT NO.
C16: FATHER'S NAME | E16: =VLOOKUP($E$14,DataBase!$A$2:$O$21,MATCH(ReportCard!C16,DataBase!$A$1:$O$1,0),0) -> Md Hamidul Haque
C17: MOTHER'S NAME | E17: =VLOOKUP($E$14,DataBase!$A$2:$O$21,MATCH(ReportCard!C17,DataBase!$A$1:$O$1,0),0) -> Simu Khatun
C18: ADDRESS | E18: =VLOOKUP($E$14,DataBase!$A$2:$O$21,MATCH(ReportCard!C18,DataBase!$A$1:$O$1,0),0) -> Kanial Khata Cinirkuti Bazar
C20: RESULT SUMMARY
C21: SCHOLASTIC AREAS
C22: SUBJECT | E22: TOTAL MARKS | G22: MARKS OBTAINED | I22: PERCENTAGE | K22: MARKS OBTAINED | M22: PASS/FAIL
C23: BANGLA | E23: 100 | G23: =VLOOKUP($E$14,DataBase!$A$2:$O$21,MATCH(C23,DataBase!$A$1:$O$1,0),0) -> 80 | I23: =G23/E23 -> 0.8 | K23: =LOOKUP(G23,Rating!$E$11:$E$18,Rating!$F$11:$F$18) -> A- | M23: =IF(I23<0.33,"FAIL","PASS") -> PASS
C24: ENGLISH | E24: 100 | G24: =VLOOKUP($E$14,DataBase!$A$2:$O$21,MATCH(C24,DataBase!$A$1:$O$1,0),0) -> 85 | I24: =G24/E24 -> 0.85 | K24: =LOOKUP(G24,Rating!$E$11:$E$18,Rating!$F$11:$F$18) -> A | M24: =IF(I24<0.33,"FAIL","PASS") -> PASS
C25: MATHS | E25: 100 | G25: =VLOOKUP($E$14,DataBase!$A$2:$O$21,MATCH(C25,DataBase!$A$1:$O$1,0),0) -> 80 | I25: =G25/E25 -> 0.8 | K25: =LOOKUP(G25,Rating!$E$11:$E$18,Rating!$F$11:$F$18) -> A- | M25: =IF(I25<0.33,"FAIL","PASS") -> PASS
C26: SCIENCE | E26: 100 | G26: =VLOOKUP($E$14,DataBase!$A$2:$O$21,MATCH(C26,DataBase!$A$1:$O$1,0),0) -> 84 | I26: =G26/E26 -> 0.84 | K26: =LOOKUP(G26,Rating!$E$11:$E$18,Rating!$F$11:$F$18) -> A | M26: =IF(I26<0.33,"FAIL","PASS") -> PASS
C27: BGS | E27: 100 | G27: =VLOOKUP($E$14,DataBase!$A$2:$O$21,MATCH(C27,DataBase!$A$1:$O$1,0),0) -> 80 | I27: =G27/E27 -> 0.8 | K27: =LOOKUP(G27,Rating!$E$11:$E$18,Rating!$F$11:$F$18) -> A- | M27: =IF(I27<0.33,"FAIL","PASS") -> PASS
C28: DHORMO | E28: 100 | G28: =VLOOKUP($E$14,DataBase!$A$2:$O$21,MATCH(C28,DataBase!$A$1:$O$1,0),0) -> 82 | I28: =G28/E28 -> 0.82 | K28: =LOOKUP(G28,Rating!$E$11:$E$18,Rating!$F$11:$F$18) -> A | M28: =IF(I28<0.33,"FAIL","PASS") -> PASS
C29: GRAMMER | E29: 50 | G29: =VLOOKUP($E$14,DataBase!$A$2:$O$21,MATCH(C29,DataBase!$A$1:$O$1,0),0) -> 45 | I29: =G29/E29 -> 0.9 | K29: =LOOKUP(G29,Rating!$K$11:$K$18,Rating!$L$11:$L$18) -> A+ | M29: =IF(I29<0.33,"FAIL","PASS") -> PASS
C30: TOTAL | E30: =SUM(E23:F29) -> 650 | G30: =SUM(G23:H29) -> 536 | I30: =G30/E30 -> 0.82461538 | K30: =LOOKUP(I30*100,Rating!$E$11:$E$18,Rating!$F$11:$F$18) -> A | M30: =IF(I30<0.33,"FAIL","PASS") -> PASS
C32: STUDENT'S BEHAVIOUR | F32: 5 | G32: =REPT("⭐",F32) -> ⭐⭐⭐⭐⭐
C33: REMARKS OF STARS
C34: =REPT("⭐",1) -> ⭐ | J34: Not Satisfactory
C35: =REPT("⭐",2) -> ⭐⭐ | J35: Satisfactory
C36: =REPT("⭐",3) -> ⭐⭐⭐ | J36: Good
C37: =REPT("⭐",4) -> ⭐⭐⭐⭐ | J37: Very Good
C38: =REPT("⭐",5) -> ⭐⭐⭐⭐⭐ | J38: Excellent
C40: Attendance | H40: 0.9
C43: Result | E43: PASS | I43: Overall Grade | M43: A+

Sheet DataBase
A1: ROLL | B1: STUDENT NAME | C1: FATHER'S NAME | D1: MOTHER'S NAME | E1: ADDRESS | F1: CLASS | G1: CONTACT NO. | H1: ATTENDENCE | I1: BANGLA | J1: ENGLISH | K1: MATHS | L1: SCIENCE | M1: BGS | N1: DHORMO | O1: GRAMMER
A2: 1 | B2: Khushimoni roy | C2: Atul Chandro Roy | D2: Sreemoty Ganga Rani | E2: Kanial Khata Porapara | F2: 5 | G2: 01763299043 | H2: 0.9 | I2: 97 | J2: 98 | K2: 98 | L2: 85 | M2: 96 | N2: 88 | O2: 45
A3: 2 | B3: Jaya Rani | C3: Sree Narayan Roy | D3: Sreemoty Trisna Rani | E3: Kanial Khata Porapara | F3: 5 | G3: 01326026347 | H3: 0.9 | I3: 92 | J3: 98 | K3: 99 | L3: 98 | M3: 98 | N3: 96 | O3: 48
A4: 3 | B4: Imran Islam | C4: Ferazul Islam | D4: Rina Parvin | E4: Kanial Khata | F4: 5 | G4: 01790524726 | H4: 0.9 | I4: 92 | J4: 97 | K4: 98 | L4: 85 | M4: 94 | N4: 95 | O4: 46
A5: 4 | B5: Md Osman Goni | C5: Omar Faruk | D5: Roksana Begum | E5: Kanial Khata Cinirkuti Bazar | F5: 5 | H5: 0.9 | I5: 98 | J5: 96 | K5: 98 | L5: 98 | M5: 98 | N5: 95 | O5: 46
A6: 5 | B6: Sumaiya Islam | C6: Md Robiul Islam | D6: Mst Rashida Begum | E6: Kanial Khata Porapara | F6: 5 | G6: 01768842049 | H6: 0.9 | I6: 98 | J6: 99 | K6: 100 | L6: 98 | M6: 99 | N6: 97 | O6: 48
A7: 6 | B7: SISTY RANI ROY | C7: SAPON KUMAR ROY | D7: LAKKHI RANI | E7: DOKKHIN KANIAL KHATA MASTAR PARA | F7: 5 | G7: 01726759389 | H7: 0.9 | I7: 88 | J7: 98 | K7: 99 | L7: 97 | M7: 98 | N7: 88 | O7: 45
A8: 7 | B8: SHRABONTI ROY | C8: NARESH CHANDRA ROY | D8: JANATA RANI ROY | E8: KANIAL KHATA PONDIT PARA | F8: 5 | G8: 01753277584 | H8: 0.9 | I8: 96 | J8: 98 | K8: 99 | L8: 98 | M8: 87 | N8: 88 | O8: 45
A9: 8 | B9: Sathi Sharma | C9: Dayal Shel | D9: Maloti Rani | E9: Kanial Khata Boiragi Para | F9: 5 | G9: 01313934352 | H9: 0.9 | I9: 87 | J9: 90 | K9: 88 | L9: 84 | M9: 87 | N9: 85 | O9: 45
A10: 9 | B10: Mst Umma Kulsum | C10: Nurnabi | D10: Mst. Mahmuda Khatun | E10: Kanialkhata | F10: 5 | G10: 01706807154 | H10: 0.9 | I10: 90 | J10: 98 | K10: 95 | L10: 92 | M10: 90 | N10: 85 | O10: 45
A11: 10 | B11: Nuri Akter | C11: Nur Mohammad | D11: Mrs. Nasima Begum | E11: Kanial Khata Munsipara | F11: 5 | G11: 01346468836 | H11: 0.9 | I11: 87 | J11: 98 | K11: 95 | L11: 92 | M11: 98 | N11: 85 | O11: 45
A12: 11 | B12: Md Fazle Rabbi | C12: Md Hamidul Haque | D12: Simu Khatun | E12: Kanial Khata Cinirkuti Bazar | F12: 5 | H12: 0.9 | I12: 80 | J12: 85 | K12: 80 | L12: 84 | M12: 80 | N12: 82 | O12: 45
A13: 12 | B13: Anamika Rani Roy | C13: Santos Kumar Ray | D13: Vagirathi Rany | E13: DOKKHIN KANIAL KHATA MASTAR PARA | F13: 5 | G13: 01326025653 | H13: 0.9 | I13: 82 | J13: 98 | K13: 85 | L13: 80 | M13: 90 | N13: 87 | O13: 45
A14: 13 | B14: Md Mijan | C14: Md Jakirul | D14: Khadija Begum | E14: Kanial Khata Cinirkuti Bazar | F14: 5 | H14: 0.9 | I14: 85 | J14: 85 | K14: 88 | L14: 83 | M14: 95 | N14: 85 | O14: 45
A15: 14 | B15: Mst Farjana Akter | C15: Omar Faruk | D15: Roksana Begum | E15: Kanial Khata Cinirkuti Bazar | F15: 5 | H15: 0.9 | I15: 80 | J15: 80 | K15: 75 | L15: 80 | M15: 80 | N15: 81 | O15: 40
A16: 15 | B16: Vumi Roy | C16: Sree Pram Kumer(Chadon) | D16: Varoti Rani | E16: Kanial Khata(Roy Para) | F16: 5 | H16: 0.9 | I16: 80 | J16: 82 | K16: 83 | L16: 80 | M16: 80 | N16: 82 | O16: 40
A17: 16 | B17: Siyam Islam | F17: 5 | H17: 0.9 | I17: 80 | J17: 90 | K17: 85 | L17: 82 | M17: 94 | N17: 84 | O17: 45
A18: 17 | B18: Manik Roy | F18: 5 | H18: 0.9 | I18: 80 | J18: 80 | K18: 82 | L18: 80 | M18: 83 | N18: 80 | O18: 40
A19: 18 | B19: Chando Roy | C19: Dina Bondhu Roy | D19: Bobita Rani | E19: Kanial Khata(Roy Para) | F19: 5 | H19: 0.9 | I19: 80 | J19: 80 | K19: 85 | L19: 80 | M19: 82 | N19: 80 | O19: 40
A20: 19 | B20: Md Nayem Islam | C20: Md. Habibur Rahman | D20: Narzina Begum | E20: Kanial Khata Cinirkuti Bazar | F20: 5 | H20: 0.9 | I20: 85 | J20: 80 | K20: 75 | L20: 64 | M20: 76 | N20: 80 | O20: 40
A21: 20 | B21: Md Nazmul Huda | C21: Md. Habibur Rahman | D21: Narzina Begum | E21: Kanial Khata Cinirkuti Bazar | F21: 5 | H21: 0.9 | I21: 80 | J21: 75 | K21: 65 | L21: 65 | M21: 80 | N21: 80 | O21: 40

Sheet Rating
C2: Star Rating
C3: 1 | D3: Not Satisfactory
C4: 2 | D4: Satisfactory
C5: 3 | D5: Good
C6: 4 | D6: Very Good
C7: 5 | D7: Execllent
B10: Marks Range | C10: Grade | E10: Minium Marks | F10: Grade | H10: Marks Range | I10: Grade | K10: Minium Marks | L10: Grade
B11: 90-100 | C11: A+ | E11: 0 | F11: F | H11: 45-50 | I11: A+ | K11: 0 | L11: F
B12: 81-90 | C12: A | E12: 33 | F12: E | H12: 41-45 | I12: A | K12: 17 | L12: E
B13: 71-80 | C13: A- | E13: 41 | F13: D | H13: 36-40 | I13: A- | K13: 21 | L13: D
B14: 61-70 | C14: B | E14: 51 | F14: C | H14: 31-35 | I14: B | K14: 26 | L14: C
B15: 51-60 | C15: C | E15: 61 | F15: B | H15: 26-30 | I15: C | K15: 31 | L15: B
B16: 41-50 | C16: D | E16: 71 | F16: A- | H16: 21-25 | I16: D | K16: 36 | L16: A-
B17: 33-40 | C17: E | E17: 81 | F17: A | H17: 17-20 | I17: E | K17: 41 | L17: A
B18: Below 33 | C18: F | E18: 91 | F18: A+ | H18: Below 16 | I18: F | K18: 45 | L18: A+
